Linguagem, Mediana, Media 
Pyhton,0.7678663,0.76493256
Java,0.786423,0.7926849
C++, 0.0503875,0.05094338